Target,Model,F1_Class_0,F1_Class_1,Precision,Accuracy,Recall,AUC_ROC
Type_of_Venom_Allergy_ATCD_Venom,RandomForest,0.9353991596638656,0.65,0.9175308641975308,0.8944444444444445,0.7,0.9125
Type_of_Venom_Allergy_ATCD_Venom,XGBoost,0.921232492997199,0.6199999999999999,0.9061022927689594,0.8744444444444446,0.7,0.90625
Type_of_Venom_Allergy_ATCD_Venom,LogisticRegression,0.8919070961718021,0.4866666666666667,0.8506878306878306,0.8244444444444443,0.55,0.8638888888888889
Type_of_Venom_Allergy_ATCD_Venom,SVM,0.7608026287438052,0.46547619047619043,0.8720211640211641,0.6822222222222223,0.85,0.9027777777777779
Type_of_Venom_Allergy_IGE_Venom,RandomForest,0.9,0.9947368421052631,0.9810000000000001,0.99,1.0,1.0
Type_of_Venom_Allergy_IGE_Venom,XGBoost,1.0,1.0,1.0,1.0,1.0,1.0
Type_of_Venom_Allergy_IGE_Venom,LogisticRegression,0.3833333333333333,0.9198121529313481,0.8785608465608465,0.8622222222222222,0.9041666666666666,0.9041666666666666
Type_of_Venom_Allergy_IGE_Venom,SVM,0.3085714285714286,0.7754876822523882,0.8740277777777777,0.6755555555555556,0.6722222222222223,0.8458333333333332
