Target,Model,F1_Class_0,F1_Class_1,Precision,Accuracy,Recall,AUC_ROC
Severe_Allergy,RandomForest,0.7878225699938425,0.8770572687134657,0.8527769183797714,0.8447154471544716,0.8549999999999999,0.9318168604651162
Severe_Allergy,XGBoost,0.782969571735922,0.876728056805417,0.848433605921867,0.843089430894309,0.8625,0.9257848837209302
Severe_Allergy,LogisticRegression,0.7652103182531274,0.8527281171154494,0.835907096407365,0.8195121951219513,0.8099999999999999,0.9182558139534883
Severe_Allergy,SVM,0.5753513377640606,0.71016490350115,0.6889264249488845,0.6560975609756097,0.64875,0.7212790697674418
